,fileName,scan#,MzEXP,zEXP,peptide,protein,MzLIB,zLIB,cosine,name,#Peak(Query),#Peaks(Match),shared,ionCount,CompensationVoltage,totalWindowWidth
0,20190411_DI2A_1to16_n1b.mzXML,20,420.0,2,APIIAVTR,1/sp|P14618|KPYM_HUMAN,420.76872025899996,2,1.0,19269_APIIAVTR_2,106,20,1,403.3919372558594,-30.0,2.0
1,20190411_DI2A_1to16_n1b.mzXML,21,421.0,2,APIIAVTR,1/sp|P14618|KPYM_HUMAN,420.76872025899996,2,0.424892699759931,19269_APIIAVTR_2,125,20,2,1117.2809753417969,-30.0,2.0
2,20190411_DI2A_1to16_n1b.mzXML,620,420.0,2,APIIAVTR,1/sp|P14618|KPYM_HUMAN,420.76872025899996,2,0.7980927911141358,19269_APIIAVTR_2,781,20,7,5906.979064941406,-40.0,2.0
3,20190411_DI2A_1to16_n1b.mzXML,621,421.0,2,APIIAVTR,1/sp|P14618|KPYM_HUMAN,420.76872025899996,2,0.9295473571051098,19269_APIIAVTR_2,947,20,8,6568.997528076172,-40.0,2.0
4,20190411_DI2A_1to16_n1b.mzXML,1220,420.0,2,APIIAVTR,1/sp|P14618|KPYM_HUMAN,420.76872025899996,2,0.6207122317917908,19269_APIIAVTR_2,1040,20,3,2605.9540405273438,-50.0,2.0
5,20190411_DI2A_1to16_n1b.mzXML,1221,421.0,2,APIIAVTR,1/sp|P14618|KPYM_HUMAN,420.76872025899996,2,0.741910511941752,19269_APIIAVTR_2,1279,20,8,5559.6790771484375,-50.0,2.0
6,20190411_DI2A_1to16_n1b.mzXML,1820,420.0,2,APIIAVTR,1/sp|P14618|KPYM_HUMAN,420.76872025899996,2,0.937904056142297,19269_APIIAVTR_2,1084,20,15,17782.62954711914,-60.0,2.0
7,20190411_DI2A_1to16_n1b.mzXML,1821,421.0,2,APIIAVTR,1/sp|P14618|KPYM_HUMAN,420.76872025899996,2,0.6425913208385192,19269_APIIAVTR_2,981,20,8,18463.179443359375,-60.0,2.0
8,20190411_DI2A_1to16_n1b.mzXML,2420,420.0,2,APIIAVTR,1/sp|P14618|KPYM_HUMAN,420.76872025899996,2,0.9898414684013308,19269_APIIAVTR_2,978,20,18,423589.30407714844,-70.0,2.0
9,20190411_DI2A_1to16_n1b.mzXML,2421,421.0,2,APIIAVTR,1/sp|P14618|KPYM_HUMAN,420.76872025899996,2,0.989670870295198,19269_APIIAVTR_2,926,20,18,328205.0104675293,-70.0,2.0
10,20190411_DI2A_1to16_n1b.mzXML,3020,420.0,2,APIIAVTR,1/sp|P14618|KPYM_HUMAN,420.76872025899996,2,0.9894737486673845,19269_APIIAVTR_2,713,20,17,307804.1911010742,-80.0,2.0
11,20190411_DI2A_1to16_n1b.mzXML,3021,421.0,2,APIIAVTR,1/sp|P14618|KPYM_HUMAN,420.76872025899996,2,0.9907917226023366,19269_APIIAVTR_2,700,20,17,295032.43048095703,-80.0,2.0
12,20190411_DI2A_1to16_n1b.mzXML,3620,420.0,2,APIIAVTR,1/sp|P14618|KPYM_HUMAN,420.76872025899996,2,1.0,19269_APIIAVTR_2,236,20,1,1014.6370849609375,-30.0,2.0
13,20190411_DI2A_1to16_n1b.mzXML,3621,421.0,2,APIIAVTR,1/sp|P14618|KPYM_HUMAN,420.76872025899996,2,0.36389570409481886,19269_APIIAVTR_2,240,20,2,2034.2934875488281,-30.0,2.0
14,20190411_DI2A_1to16_n1b.mzXML,4220,420.0,2,APIIAVTR,1/sp|P14618|KPYM_HUMAN,420.76872025899996,2,0.860051395964684,19269_APIIAVTR_2,569,20,4,3934.560089111328,-40.0,2.0
15,20190411_DI2A_1to16_n1b.mzXML,4221,421.0,2,APIIAVTR,1/sp|P14618|KPYM_HUMAN,420.76872025899996,2,0.9313600223791811,19269_APIIAVTR_2,537,20,6,3651.8214416503906,-40.0,2.0
16,20190411_DI2A_1to16_n1b.mzXML,4820,420.0,2,APIIAVTR,1/sp|P14618|KPYM_HUMAN,420.76872025899996,2,0.9067900199142884,19269_APIIAVTR_2,833,20,5,2326.5245361328125,-50.0,2.0
17,20190411_DI2A_1to16_n1b.mzXML,4821,421.0,2,APIIAVTR,1/sp|P14618|KPYM_HUMAN,420.76872025899996,2,0.9071644979017931,19269_APIIAVTR_2,930,20,3,1840.7081298828125,-50.0,2.0
18,20190411_DI2A_1to16_n1b.mzXML,5420,420.0,2,APIIAVTR,1/sp|P14618|KPYM_HUMAN,420.76872025899996,2,0.9428051231540975,19269_APIIAVTR_2,904,20,8,10611.982116699219,-60.0,2.0
19,20190411_DI2A_1to16_n1b.mzXML,5421,421.0,2,APIIAVTR,1/sp|P14618|KPYM_HUMAN,420.76872025899996,2,0.6631797010276685,19269_APIIAVTR_2,893,20,9,12120.833312988281,-60.0,2.0
20,20190411_DI2A_1to16_n1b.mzXML,6020,420.0,2,APIIAVTR,1/sp|P14618|KPYM_HUMAN,420.76872025899996,2,0.9905434959374797,19269_APIIAVTR_2,287,20,14,71506.62438964844,-70.0,2.0
21,20190411_DI2A_1to16_n1b.mzXML,6021,421.0,2,APIIAVTR,1/sp|P14618|KPYM_HUMAN,420.76872025899996,2,0.990708005252463,19269_APIIAVTR_2,235,20,13,64291.73678588867,-70.0,2.0
22,20190411_DI2A_1to16_n1b.mzXML,6620,420.0,2,APIIAVTR,1/sp|P14618|KPYM_HUMAN,420.76872025899996,2,0.9784560238836941,19269_APIIAVTR_2,58,20,3,5386.1590576171875,-80.0,2.0
23,20190411_DI2A_1to16_n1b.mzXML,6621,421.0,2,APIIAVTR,1/sp|P14618|KPYM_HUMAN,420.76872025899996,2,0.9883734807272054,19269_APIIAVTR_2,67,20,3,4229.5775146484375,-80.0,2.0
