fileName,scan#,MzEXP,zEXP,peptide,protein,MzLIB,zLIB,cosine,name,#Peak(Query),#Peaks(Match),shared,ionCount,CompensationVoltage,totalWindowWidth
20190411_DI2A_1to16_n1b.mzXML,104,504.0,2,SC(UniMod:4)NC(UniMod:4)LLLK,1/sp|P06733|ENOA_HUMAN,504.25426246399985,2,0.9883971985640021,67489_SC(UniMod:4)NC(UniMod:4)LLLK_2,207,18,12,26472.75912475586,-30.0,2.0
20190411_DI2A_1to16_n1b.mzXML,105,505.0,2,SC(UniMod:4)NC(UniMod:4)LLLK,1/sp|P06733|ENOA_HUMAN,504.25426246399985,2,0.9931124275383696,67489_SC(UniMod:4)NC(UniMod:4)LLLK_2,192,18,10,22228.165313720703,-30.0,2.0
20190411_DI2A_1to16_n1b.mzXML,142,542.0,2,AVASAAAALVLK,1/sp|Q9Y490|TLN1_HUMAN,542.8398738289999,2,0.10420483408593942,94447_AVASAAAALVLK_2,105,20,10,58408.579040527344,-30.0,2.0
20190411_DI2A_1to16_n1b.mzXML,159,559.0,2,GSGTAEVELKK,1/sp|P14618|KPYM_HUMAN,559.8062279729999,2,0.9516773385507397,107401_GSGTAEVELKK_2,161,20,14,23936.640686035156,-30.0,2.0
20190411_DI2A_1to16_n1b.mzXML,160,560.0,2,GSGTAEVELKK,1/sp|P14618|KPYM_HUMAN,559.8062279729999,2,0.9644471888432548,107401_GSGTAEVELKK_2,162,20,17,22463.814727783203,-30.0,2.0
20190411_DI2A_1to16_n1b.mzXML,165,565.0,2,SIGVSNFNHR,1/sp|P52895|AK1C2_HUMAN,565.788703935,2,0.9759933548016814,112209_SIGVSNFNHR_2,137,20,14,32372.053009033203,-30.0,2.0
20190411_DI2A_1to16_n1b.mzXML,166,566.0,2,SIGVSNFNHR,1/sp|P52895|AK1C2_HUMAN,565.788703935,2,0.9771690744291431,112209_SIGVSNFNHR_2,103,20,13,30977.67852783203,-30.0,2.0
20190411_DI2A_1to16_n1b.mzXML,168,568.0,2,LLLQVQHASK,3/sp|P12236|ADT3_HUMAN/sp|P12235|ADT1_HUMAN/sp|P05141|ADT2_HUMAN,568.842947839,2,0.9833980233313147,114283_LLLQVQHASK_2,138,20,13,15040.903442382812,-30.0,2.0
20190411_DI2A_1to16_n1b.mzXML,169,569.0,2,LLLQVQHASK,3/sp|P12236|ADT3_HUMAN/sp|P12235|ADT1_HUMAN/sp|P05141|ADT2_HUMAN,568.842947839,2,0.9524966303259474,114283_LLLQVQHASK_2,176,20,13,18040.081970214844,-30.0,2.0
20190411_DI2A_1to16_n1b.mzXML,169,569.0,2,DPQALSEHLK,1/sp|P31948|STIP1_HUMAN,569.2985701199998,2,0.9296570738882967,114763_DPQALSEHLK_2,176,20,10,8665.982360839844,-30.0,2.0
20190411_DI2A_1to16_n1b.mzXML,170,570.0,2,DPQALSEHLK,1/sp|P31948|STIP1_HUMAN,569.2985701199998,2,0.9339996586282905,114763_DPQALSEHLK_2,158,20,11,8043.636779785156,-30.0,2.0
20190411_DI2A_1to16_n1b.mzXML,176,576.0,2,FGLSVGHHLGK,1/sp|P15559|NQO1_HUMAN,576.3196399219999,2,0.9809099369280063,119779_FGLSVGHHLGK_2,119,20,11,8092.047576904297,-30.0,2.0
20190411_DI2A_1to16_n1b.mzXML,196,596.0,2,VSNSGITRVEK,1/sp|P50991|TCPD_HUMAN,595.3304015680001,2,0.9180584766241406,133811_VSNSGITRVEK_2,126,20,11,8443.780364990234,-30.0,2.0
20190411_DI2A_1to16_n1b.mzXML,205,605.0,2,VLQSFTVDSSK,1/sp|O75369|FLNB_HUMAN,605.819335347,2,0.9794625005666874,140965_VLQSFTVDSSK_2,132,20,10,8830.809967041016,-30.0,2.0
20190411_DI2A_1to16_n1b.mzXML,206,606.0,2,VLQSFTVDSSK,1/sp|O75369|FLNB_HUMAN,605.819335347,2,0.9662506827191062,140965_VLQSFTVDSSK_2,125,20,10,8945.793273925781,-30.0,2.0
20190411_DI2A_1to16_n1b.mzXML,242,642.0,2,AFVDFLSDEIK,1/sp|Q07021|C1QBP_HUMAN,642.32953589,2,0.9943601129412213,165421_AFVDFLSDEIK_2,177,20,11,30914.146759033203,-30.0,2.0
20190411_DI2A_1to16_n1b.mzXML,242,642.0,2,VTVLFAGQHIAK,1/sp|P21333|FLNA_HUMAN,642.377154798,2,0.9865417486180104,165943_VTVLFAGQHIAK_2,177,20,11,23929.133850097656,-30.0,2.0
20190411_DI2A_1to16_n1b.mzXML,243,643.0,2,AFVDFLSDEIK,1/sp|Q07021|C1QBP_HUMAN,642.32953589,2,0.986000766424579,165421_AFVDFLSDEIK_2,200,20,11,24383.07098388672,-30.0,2.0
20190411_DI2A_1to16_n1b.mzXML,243,643.0,2,VTVLFAGQHIAK,1/sp|P21333|FLNA_HUMAN,642.377154798,2,0.9817418040892727,165943_VTVLFAGQHIAK_2,200,20,11,20668.361053466797,-30.0,2.0
20190411_DI2A_1to16_n1b.mzXML,245,645.0,2,PMFIVNTNVPR,1/sp|P14174|MIF_HUMAN,644.3475400789998,2,0.963732784728214,167085_PMFIVNTNVPR_2,126,20,10,12235.012573242188,-30.0,2.0
20190411_DI2A_1to16_n1b.mzXML,250,650.0,2,VTVLFAGQHISK,1/sp|O75369|FLNB_HUMAN,650.3746121080001,2,0.9733106138237123,171223_VTVLFAGQHISK_2,173,20,14,23462.13754272461,-30.0,2.0
20190411_DI2A_1to16_n1b.mzXML,255,655.0,2,AVLFC(UniMod:4)LSEDKK,1/sp|P23528|COF1_HUMAN,655.344663031,2,0.9438310858719188,173821_AVLFC(UniMod:4)LSEDKK_2,172,20,14,40625.462463378906,-30.0,2.0
20190411_DI2A_1to16_n1b.mzXML,256,656.0,2,AVLFC(UniMod:4)LSEDKK,1/sp|P23528|COF1_HUMAN,655.344663031,2,0.9615154085285587,173821_AVLFC(UniMod:4)LSEDKK_2,212,20,15,38712.40509033203,-30.0,2.0
20190411_DI2A_1to16_n1b.mzXML,256,656.0,2,FIC(UniMod:4)TTSAIQNR,1/sp|P53396|ACLY_HUMAN,655.8297114659999,2,0.9332390431896012,173931_FIC(UniMod:4)TTSAIQNR_2,212,20,12,11809.045532226562,-30.0,2.0
20190411_DI2A_1to16_n1b.mzXML,258,658.0,2,VLQATVVAVGSGSK,1/sp|P61604|CH10_HUMAN,658.3826341020001,2,0.9807436926249435,176219_VLQATVVAVGSGSK_2,210,20,18,83413.17614746094,-30.0,2.0
20190411_DI2A_1to16_n1b.mzXML,259,659.0,2,VLQATVVAVGSGSK,1/sp|P61604|CH10_HUMAN,658.3826341020001,2,0.9866470454051846,176219_VLQATVVAVGSGSK_2,212,20,18,70407.29998779297,-30.0,2.0
20190411_DI2A_1to16_n1b.mzXML,260,660.0,2,SLDMDSIIAEVK,1/sp|P05787|K2C8_HUMAN,660.8394104719999,2,0.9666652925320691,177341_SLDMDSIIAEVK_2,175,20,11,14753.827209472656,-30.0,2.0
20190411_DI2A_1to16_n1b.mzXML,261,661.0,2,SLDMDSIIAEVK,1/sp|P05787|K2C8_HUMAN,660.8394104719999,2,0.965569746154701,177341_SLDMDSIIAEVK_2,160,20,15,25741.120697021484,-30.0,2.0
20190411_DI2A_1to16_n1b.mzXML,270,670.0,2,GAVDGGLSIPHSTK,1/sp|P46777|RL5_HUMAN,669.854240805,2,0.9803945420548634,182701_GAVDGGLSIPHSTK_2,118,20,11,14847.140991210938,-30.0,2.0
20190411_DI2A_1to16_n1b.mzXML,277,677.0,2,DSYVGDEAQSKR,6/sp|P68133|ACTS_HUMAN/sp|P68032|ACTC_HUMAN/sp|P63267|ACTH_HUMAN/sp|P63261|ACTG_HUMAN/sp|P62736|ACTA_HUMAN/sp|P60709|ACTB_HUMAN,677.8153126069999,2,0.9763098456637017,187383_DSYVGDEAQSKR_2,159,15,11,23544.523223876953,-30.0,2.0
20190411_DI2A_1to16_n1b.mzXML,278,678.0,2,DSYVGDEAQSKR,6/sp|P68133|ACTS_HUMAN/sp|P68032|ACTC_HUMAN/sp|P63267|ACTH_HUMAN/sp|P63261|ACTG_HUMAN/sp|P62736|ACTA_HUMAN/sp|P60709|ACTB_HUMAN,677.8153126069999,2,0.9672630846687432,187383_DSYVGDEAQSKR_2,146,15,12,40827.65686035156,-30.0,2.0
20190411_DI2A_1to16_n1b.mzXML,281,681.0,2,VGGTSDVEVNEKK,1/sp|P10809|CH60_HUMAN,681.348988246,2,0.9815757299632036,190391_VGGTSDVEVNEKK_2,212,20,18,20586.370239257812,-30.0,2.0
20190411_DI2A_1to16_n1b.mzXML,282,682.0,2,VGGTSDVEVNEKK,1/sp|P10809|CH60_HUMAN,681.348988246,2,0.9685626758090358,190391_VGGTSDVEVNEKK_2,178,20,13,14307.33169555664,-30.0,2.0
20190411_DI2A_1to16_n1b.mzXML,284,684.0,2,LLEMILNKPGLK,1/sp|P52895|AK1C2_HUMAN,684.917798188,2,0.8883045468243411,191871_LLEMILNKPGLK_2,182,20,10,10787.581787109375,-30.0,2.0
20190411_DI2A_1to16_n1b.mzXML,285,685.0,2,LLEMILNKPGLK,1/sp|P52895|AK1C2_HUMAN,684.917798188,2,0.9512395766256642,191871_LLEMILNKPGLK_2,225,20,13,14247.868896484375,-30.0,2.0
20190411_DI2A_1to16_n1b.mzXML,286,686.0,2,ATIAGGGVIPHIHK,2/sp|Q71UI9|H2AV_HUMAN/sp|P0C0S5|H2AZ_HUMAN,685.8987857029999,2,0.972830022080511,192263_ATIAGGGVIPHIHK_2,251,20,10,15602.441925048828,-30.0,2.0
20190411_DI2A_1to16_n1b.mzXML,288,688.0,2,VTLTSEEEARLK,1/sp|P00338|LDHA_HUMAN,688.3750060320001,2,0.9554862657151835,194531_VTLTSEEEARLK_2,211,20,16,38471.59555053711,-30.0,2.0
20190411_DI2A_1to16_n1b.mzXML,289,689.0,2,VTLTSEEEARLK,1/sp|P00338|LDHA_HUMAN,688.3750060320001,2,0.9410475332833106,194531_VTLTSEEEARLK_2,225,20,16,37130.00588989258,-30.0,2.0
20190411_DI2A_1to16_n1b.mzXML,291,691.0,2,TLEEDEEELFK,1/sp|P43487|RANG_HUMAN,691.3221047820001,2,0.9893293942547441,196161_TLEEDEEELFK_2,193,20,11,12017.998046875,-30.0,2.0
20190411_DI2A_1to16_n1b.mzXML,293,693.0,2,QLEMILNKPGLK,3/sp|Q04828|AK1C1_HUMAN/sp|P42330|AK1C3_HUMAN/sp|P17516|AK1C4_HUMAN,692.405054955,2,0.96105248404407,196597_QLEMILNKPGLK_2,202,20,11,9931.627502441406,-30.0,2.0
20190411_DI2A_1to16_n1b.mzXML,293,693.0,2,DLDVAILVGSMPR,1/sp|P40925|MDHC_HUMAN,693.3764944789999,2,0.9556383777464262,196857_DLDVAILVGSMPR_2,202,20,10,11854.406768798828,-30.0,2.0
20190411_DI2A_1to16_n1b.mzXML,294,694.0,2,DLDVAILVGSMPR,1/sp|P40925|MDHC_HUMAN,693.3764944789999,2,0.9695817018599308,196857_DLDVAILVGSMPR_2,219,20,10,10747.358123779297,-30.0,2.0
20190411_DI2A_1to16_n1b.mzXML,294,694.0,2,GVDEATIIDILTK,1/sp|P04083|ANXA1_HUMAN,694.3875820860001,2,0.9744057406634999,197627_GVDEATIIDILTK_2,219,20,13,17448.74917602539,-30.0,2.0
20190411_DI2A_1to16_n1b.mzXML,295,695.0,2,GVDEATIIDILTK,1/sp|P04083|ANXA1_HUMAN,694.3875820860001,2,0.9734074096134661,197627_GVDEATIIDILTK_2,204,20,10,17771.96728515625,-30.0,2.0
20190411_DI2A_1to16_n1b.mzXML,297,697.0,2,ALAGC(UniMod:4)DFLTISPK,1/sp|P37837|TALDO_HUMAN,696.8632199259999,2,0.9724183863689165,198639_ALAGC(UniMod:4)DFLTISPK_2,220,20,11,22377.7127532959,-30.0,2.0
20190411_DI2A_1to16_n1b.mzXML,303,703.0,2,GISDLAQHYLMR,1/sp|P49368|TCPG_HUMAN,702.3586360830001,2,0.8881792635185949,202165_GISDLAQHYLMR_2,220,20,10,7805.711181640625,-30.0,2.0
20190411_DI2A_1to16_n1b.mzXML,305,705.0,2,ILPTLEAVAALGNK,1/sp|Q12905|ILF2_HUMAN,705.421759262,2,0.94271414567755,203875_ILPTLEAVAALGNK_2,185,20,12,13165.480377197266,-30.0,2.0
20190411_DI2A_1to16_n1b.mzXML,306,706.0,2,ILPTLEAVAALGNK,1/sp|Q12905|ILF2_HUMAN,705.421759262,2,0.9005619929282099,203875_ILPTLEAVAALGNK_2,180,20,13,13791.654022216797,-30.0,2.0
20190411_DI2A_1to16_n1b.mzXML,314,714.0,2,GVMLAVDAVIAELK,1/sp|P10809|CH60_HUMAN,714.910170118,2,0.9774463308668839,208777_GVMLAVDAVIAELK_2,219,17,14,27258.01889038086,-30.0,2.0
20190411_DI2A_1to16_n1b.mzXML,314,714.0,2,GTIEILSDVQLIK,2/sp|Q8NHW5|RLA0L_HUMAN/sp|P05388|RLA0_HUMAN,714.919049393,2,0.9477847062736049,208775_GTIEILSDVQLIK_2,219,20,10,11949.495697021484,-30.0,2.0
20190411_DI2A_1to16_n1b.mzXML,315,715.0,2,GVMLAVDAVIAELK,1/sp|P10809|CH60_HUMAN,714.910170118,2,0.9880849607855035,208777_GVMLAVDAVIAELK_2,279,17,13,43082.74084472656,-30.0,2.0
20190411_DI2A_1to16_n1b.mzXML,315,715.0,2,GTIEILSDVQLIK,2/sp|Q8NHW5|RLA0L_HUMAN/sp|P05388|RLA0_HUMAN,714.919049393,2,0.9557564330547451,208775_GTIEILSDVQLIK_2,279,20,11,19911.203125,-30.0,2.0
20190411_DI2A_1to16_n1b.mzXML,317,717.0,2,ANLPQSFQVDTSK,1/sp|P21333|FLNA_HUMAN,717.8648054890001,2,0.9799262348630282,210233_ANLPQSFQVDTSK_2,227,20,12,23686.57586669922,-30.0,2.0
20190411_DI2A_1to16_n1b.mzXML,318,718.0,2,ANLPQSFQVDTSK,1/sp|P21333|FLNA_HUMAN,717.8648054890001,2,0.9266743798496603,210233_ANLPQSFQVDTSK_2,242,20,17,35912.86721801758,-30.0,2.0
20190411_DI2A_1to16_n1b.mzXML,323,723.0,2,EGIPALDNFLDKL,1/sp|P13639|EF2_HUMAN,722.887749265,2,0.9715631991931919,213019_EGIPALDNFLDKL_2,173,20,10,15083.13021850586,-30.0,2.0
20190411_DI2A_1to16_n1b.mzXML,329,729.0,2,TPELNLDQFHDK,1/sp|P27824|CALX_HUMAN,728.8569804569998,2,0.9400678422826247,216555_TPELNLDQFHDK_2,269,20,10,7572.590545654297,-30.0,2.0
20190411_DI2A_1to16_n1b.mzXML,329,729.0,2,TVLIMELINNVAK,1/sp|P06576|ATPB_HUMAN,729.4234446709999,2,0.966644736661331,217111_TVLIMELINNVAK_2,269,20,12,21559.85531616211,-30.0,2.0
20190411_DI2A_1to16_n1b.mzXML,330,730.0,2,TVLIMELINNVAK,1/sp|P06576|ATPB_HUMAN,729.4234446709999,2,0.9806820275846261,217111_TVLIMELINNVAK_2,357,20,11,19889.657165527344,-30.0,2.0
20190411_DI2A_1to16_n1b.mzXML,330,730.0,2,ILTFDQLALDSPK,1/sp|Q07020|RL18_HUMAN,730.903399329,2,0.9627357665153128,217405_ILTFDQLALDSPK_2,357,20,16,50846.654541015625,-30.0,2.0
20190411_DI2A_1to16_n1b.mzXML,331,731.0,2,NAQLNIELEAAHH,1/sp|P43490|NAMPT_HUMAN,730.3680466779997,2,0.9777520216791786,217531_NAQLNIELEAAHH_2,475,20,11,6842.401062011719,-30.0,2.0
20190411_DI2A_1to16_n1b.mzXML,331,731.0,2,ILTFDQLALDSPK,1/sp|Q07020|RL18_HUMAN,730.903399329,2,0.9661344592063584,217405_ILTFDQLALDSPK_2,475,20,17,74064.88287353516,-30.0,2.0
20190411_DI2A_1to16_n1b.mzXML,331,731.0,2,GVAINMVTEEDKR,1/sp|P60842|IF4A1_HUMAN,731.3719404189999,2,0.9491971209573612,217901_GVAINMVTEEDKR_2,475,20,11,11154.009643554688,-30.0,2.0
20190411_DI2A_1to16_n1b.mzXML,331,731.0,2,GNLEVLLFTIQSK,2/sp|Q01082|SPTB2_HUMAN/sp|O15020|SPTN2_HUMAN,731.419216572,2,0.9021297123349237,217895_GNLEVLLFTIQSK_2,475,20,11,6606.992950439453,-30.0,2.0
20190411_DI2A_1to16_n1b.mzXML,331,731.0,2,IYVDDGLISLQVK,1/sp|P14618|KPYM_HUMAN,731.9112243610001,2,0.9195807673087817,217945_IYVDDGLISLQVK_2,475,20,15,69732.93048095703,-30.0,2.0
20190411_DI2A_1to16_n1b.mzXML,332,732.0,2,GNLEVLLFTIQSK,2/sp|Q01082|SPTB2_HUMAN/sp|O15020|SPTN2_HUMAN,731.419216572,2,0.8632580059559944,217895_GNLEVLLFTIQSK_2,481,20,10,6519.800964355469,-30.0,2.0
20190411_DI2A_1to16_n1b.mzXML,332,732.0,2,IYVDDGLISLQVK,1/sp|P14618|KPYM_HUMAN,731.9112243610001,2,0.9718217539969667,217945_IYVDDGLISLQVK_2,481,20,16,102186.49005126953,-30.0,2.0
20190411_DI2A_1to16_n1b.mzXML,334,734.0,2,(UniMod:5)SDAAVDTSSEITTK,1/sp|P06454|PTMA_HUMAN,734.3440998279997,2,0.5575055511293787,219107_(UniMod:5)SDAAVDTSSEITTK_2,318,20,12,81409.14831542969,-30.0,2.0
20190411_DI2A_1to16_n1b.mzXML,334,734.0,2,GTQGVVTNFEIFR,1/sp|P55884|EIF3B_HUMAN,734.3831654219999,2,0.9938294780867429,219405_GTQGVVTNFEIFR_2,318,20,10,11896.149719238281,-30.0,2.0
20190411_DI2A_1to16_n1b.mzXML,335,735.0,2,(UniMod:5)SDAAVDTSSEITTK,1/sp|P06454|PTMA_HUMAN,734.3440998279997,2,0.9701192479388726,219107_(UniMod:5)SDAAVDTSSEITTK_2,345,20,11,20093.4072265625,-30.0,2.0
20190411_DI2A_1to16_n1b.mzXML,335,735.0,2,GTQGVVTNFEIFR,1/sp|P55884|EIF3B_HUMAN,734.3831654219999,2,0.9953037042830146,219405_GTQGVVTNFEIFR_2,345,20,12,13955.536834716797,-30.0,2.0
20190411_DI2A_1to16_n1b.mzXML,340,740.0,2,VDEAVAVLQAHQAK,2/sp|Q9H361|PABP3_HUMAN/sp|P11940|PABP1_HUMAN,739.901722317,2,0.9780793359563081,222325_VDEAVAVLQAHQAK_2,282,20,15,16093.256317138672,-30.0,2.0
20190411_DI2A_1to16_n1b.mzXML,340,740.0,2,VIQYLAYVASSHK,1/sp|P35579|MYH9_HUMAN,739.903733687,2,0.9768663582086086,222339_VIQYLAYVASSHK_2,282,20,11,13082.872375488281,-30.0,2.0
20190411_DI2A_1to16_n1b.mzXML,346,746.0,2,LTDC(UniMod:4)VVMRDPASK,1/sp|P22626|ROA2_HUMAN,746.3683434860001,2,0.9528348726739542,225735_LTDC(UniMod:4)VVMRDPASK_2,729,20,16,28441.34991455078,-30.0,2.0
20190411_DI2A_1to16_n1b.mzXML,347,747.0,2,LTDC(UniMod:4)VVMRDPASK,1/sp|P22626|ROA2_HUMAN,746.3683434860001,2,0.9765470686125547,225735_LTDC(UniMod:4)VVMRDPASK_2,581,20,16,31458.742126464844,-30.0,2.0
20190411_DI2A_1to16_n1b.mzXML,347,747.0,2,IIDSLFNTVTDKK,1/sp|O60701|UGDH_HUMAN,747.4141311919998,2,0.9613568587388409,226111_IIDSLFNTVTDKK_2,581,20,15,16444.83123779297,-30.0,2.0
20190411_DI2A_1to16_n1b.mzXML,348,748.0,2,IIDSLFNTVTDKK,1/sp|O60701|UGDH_HUMAN,747.4141311919998,2,0.9831456886614861,226111_IIDSLFNTVTDKK_2,353,20,13,16618.351165771484,-30.0,2.0
20190411_DI2A_1to16_n1b.mzXML,349,749.0,2,NLFFSTNIDDAIK,1/sp|O60701|UGDH_HUMAN,749.3828310639999,2,0.9706917769190644,227111_NLFFSTNIDDAIK_2,284,20,11,22123.868743896484,-30.0,2.0
20190411_DI2A_1to16_n1b.mzXML,349,749.0,2,GSIFVVFDSIESAK,1/sp|P05455|LA_HUMAN,749.893031607,2,0.7820712486545154,226995_GSIFVVFDSIESAK_2,284,20,12,23653.346252441406,-30.0,2.0
20190411_DI2A_1to16_n1b.mzXML,350,750.0,2,NLFFSTNIDDAIK,1/sp|O60701|UGDH_HUMAN,749.3828310639999,2,0.9935928756769633,227111_NLFFSTNIDDAIK_2,269,20,10,17856.988525390625,-30.0,2.0
20190411_DI2A_1to16_n1b.mzXML,350,750.0,2,GSIFVVFDSIESAK,1/sp|P05455|LA_HUMAN,749.893031607,2,0.911886353594333,226995_GSIFVVFDSIESAK_2,269,20,14,30776.62353515625,-30.0,2.0
20190411_DI2A_1to16_n1b.mzXML,352,752.0,2,FFEVILIDPFHK,1/sp|P61313|RL15_HUMAN,752.9135700889999,2,0.9445866557516168,228345_FFEVILIDPFHK_2,280,19,12,15632.997344970703,-30.0,2.0
20190411_DI2A_1to16_n1b.mzXML,353,753.0,2,ALTSELANARDESK,1/sp|P26038|MOES_HUMAN,752.883726525,2,0.9857640622073423,228259_ALTSELANARDESK_2,350,20,12,10536.2275390625,-30.0,2.0
20190411_DI2A_1to16_n1b.mzXML,353,753.0,2,FFEVILIDPFHK,1/sp|P61313|RL15_HUMAN,752.9135700889999,2,0.8961513657050076,228345_FFEVILIDPFHK_2,350,19,15,25843.30255126953,-30.0,2.0
20190411_DI2A_1to16_n1b.mzXML,354,754.0,2,TVQSLEIDLDSMR,1/sp|P05783|K1C18_HUMAN,753.8770555819998,2,0.9491491338862518,229071_TVQSLEIDLDSMR_2,290,20,12,10785.497619628906,-30.0,2.0
20190411_DI2A_1to16_n1b.mzXML,359,759.0,2,LTSFIGAIAIGDLVK,1/sp|P78371|TCPB_HUMAN,759.4505167,2,0.9725285548051185,231701_LTSFIGAIAIGDLVK_2,245,20,12,14584.891174316406,-30.0,2.0
20190411_DI2A_1to16_n1b.mzXML,360,760.0,2,LTSFIGAIAIGDLVK,1/sp|P78371|TCPB_HUMAN,759.4505167,2,0.9900938774051762,231701_LTSFIGAIAIGDLVK_2,224,20,10,14178.994323730469,-30.0,2.0
20190411_DI2A_1to16_n1b.mzXML,363,763.0,2,LAQANGWGVMVSHR,1/sp|P06733|ENOA_HUMAN,763.3882591989999,2,0.9448433469410339,233467_LAQANGWGVMVSHR_2,204,20,11,19550.211181640625,-30.0,2.0
20190411_DI2A_1to16_n1b.mzXML,364,764.0,2,LAQANGWGVMVSHR,1/sp|P06733|ENOA_HUMAN,763.3882591989999,2,0.9376549321385973,233467_LAQANGWGVMVSHR_2,261,20,12,26969.22412109375,-30.0,2.0
