fileName,scan,MzEXP,zEXP,peptide,protein,MzLIB,zLIB,cosine,name,Peak(Query),Peaks(Library),shared,ionCount,CompensationVoltage,totalWindowWidth
20190411_DI2A_1to16_n1b.mzXML,620,420.0,2,PLAEGTPR,1/sp|Q13422|IKZF1_HUMAN,420.732334751,2,0.8676149241132017,11785_PLAEGTPR_2,781,29,8,255.71578488221832,-40.0,2.0
20190411_DI2A_1to16_n1b.mzXML,620,420.0,2,APIIAVTR,1/sp|P14618|KPYM_HUMAN,420.76872025899996,2,0.8682938265532738,11643_APIIAVTR_2,781,25,8,223.56837296580957,-40.0,2.0
20190411_DI2A_1to16_n1b.mzXML,621,421.0,2,PLAEGTPR,1/sp|Q13422|IKZF1_HUMAN,420.732334751,2,0.9004179703886871,11785_PLAEGTPR_2,947,29,8,253.00794056828914,-40.0,2.0
20190411_DI2A_1to16_n1b.mzXML,621,421.0,2,APIIAVTR,1/sp|P14618|KPYM_HUMAN,420.76872025899996,2,0.9339013026021799,11643_APIIAVTR_2,947,25,9,244.98614627366868,-40.0,2.0
20190411_DI2A_1to16_n1b.mzXML,1220,420.0,2,PLAEGTPR,1/sp|Q13422|IKZF1_HUMAN,420.732334751,2,0.9529471836813874,11785_PLAEGTPR_2,1040,29,11,329.59802671367,-50.0,2.0
20190411_DI2A_1to16_n1b.mzXML,1220,420.0,2,APIIAVTR,1/sp|P14618|KPYM_HUMAN,420.76872025899996,2,0.7194258430227768,11643_APIIAVTR_2,1040,25,6,173.3976658281363,-50.0,2.0
20190411_DI2A_1to16_n1b.mzXML,1221,421.0,2,PLAEGTPR,1/sp|Q13422|IKZF1_HUMAN,420.732334751,2,0.8058947536903706,11785_PLAEGTPR_2,1279,29,8,314.9538186715357,-50.0,2.0
20190411_DI2A_1to16_n1b.mzXML,1221,421.0,2,APIIAVTR,1/sp|P14618|KPYM_HUMAN,420.76872025899996,2,0.812949094729873,11643_APIIAVTR_2,1279,25,6,166.81153284876876,-50.0,2.0
20190411_DI2A_1to16_n1b.mzXML,1820,420.0,2,PLAEGTPR,1/sp|Q13422|IKZF1_HUMAN,420.732334751,2,0.9268428923208655,11785_PLAEGTPR_2,1084,29,8,267.3722284656828,-60.0,2.0
20190411_DI2A_1to16_n1b.mzXML,1820,420.0,2,APIIAVTR,1/sp|P14618|KPYM_HUMAN,420.76872025899996,2,0.8509628166044345,11643_APIIAVTR_2,1084,25,15,518.3403777052397,-60.0,2.0
20190411_DI2A_1to16_n1b.mzXML,1821,421.0,2,PLAEGTPR,1/sp|Q13422|IKZF1_HUMAN,420.732334751,2,0.6245392339331697,11785_PLAEGTPR_2,981,29,8,486.01078911507085,-60.0,2.0
20190411_DI2A_1to16_n1b.mzXML,1821,421.0,2,APIIAVTR,1/sp|P14618|KPYM_HUMAN,420.76872025899996,2,0.7582261355233434,11643_APIIAVTR_2,981,25,9,410.660882138663,-60.0,2.0
20190411_DI2A_1to16_n1b.mzXML,2420,420.0,2,PLAEGTPR,1/sp|Q13422|IKZF1_HUMAN,420.732334751,2,0.9610494971246301,11785_PLAEGTPR_2,978,29,6,362.87230059689796,-70.0,2.0
20190411_DI2A_1to16_n1b.mzXML,2420,420.0,2,APIIAVTR,1/sp|P14618|KPYM_HUMAN,420.76872025899996,2,0.9801699751030252,11643_APIIAVTR_2,978,25,18,1995.4443598708401,-70.0,2.0
20190411_DI2A_1to16_n1b.mzXML,2421,421.0,2,PLAEGTPR,1/sp|Q13422|IKZF1_HUMAN,420.732334751,2,0.8683846345072582,11785_PLAEGTPR_2,926,29,8,405.52143623075824,-70.0,2.0
20190411_DI2A_1to16_n1b.mzXML,2421,421.0,2,APIIAVTR,1/sp|P14618|KPYM_HUMAN,420.76872025899996,2,0.9847992215168029,11643_APIIAVTR_2,926,25,19,1736.5571265007661,-70.0,2.0
20190411_DI2A_1to16_n1b.mzXML,3020,420.0,2,PLAEGTPR,1/sp|Q13422|IKZF1_HUMAN,420.732334751,2,0.9870649228576794,11785_PLAEGTPR_2,713,29,4,259.13547697309957,-80.0,2.0
20190411_DI2A_1to16_n1b.mzXML,3020,420.0,2,APIIAVTR,1/sp|P14618|KPYM_HUMAN,420.76872025899996,2,0.9788467888927286,11643_APIIAVTR_2,713,25,18,1694.212501822263,-80.0,2.0
20190411_DI2A_1to16_n1b.mzXML,3021,421.0,2,PLAEGTPR,1/sp|Q13422|IKZF1_HUMAN,420.732334751,2,0.960905253576533,11785_PLAEGTPR_2,700,29,5,274.54746698670743,-80.0,2.0
20190411_DI2A_1to16_n1b.mzXML,3021,421.0,2,APIIAVTR,1/sp|P14618|KPYM_HUMAN,420.76872025899996,2,0.9864685100826915,11643_APIIAVTR_2,700,25,19,1634.0753960009006,-80.0,2.0
20190411_DI2A_1to16_n1b.mzXML,4220,420.0,2,PLAEGTPR,1/sp|Q13422|IKZF1_HUMAN,420.732334751,2,0.9248949933236892,11785_PLAEGTPR_2,569,29,8,234.37728354408188,-40.0,2.0
20190411_DI2A_1to16_n1b.mzXML,4220,420.0,2,APIIAVTR,1/sp|P14618|KPYM_HUMAN,420.76872025899996,2,0.9025355281518396,11643_APIIAVTR_2,569,25,6,162.90492000323172,-40.0,2.0
20190411_DI2A_1to16_n1b.mzXML,4221,421.0,2,PLAEGTPR,1/sp|Q13422|IKZF1_HUMAN,420.732334751,2,0.9272062944104954,11785_PLAEGTPR_2,537,29,5,162.25648600016433,-40.0,2.0
20190411_DI2A_1to16_n1b.mzXML,4221,421.0,2,APIIAVTR,1/sp|P14618|KPYM_HUMAN,420.76872025899996,2,0.9326404547593867,11643_APIIAVTR_2,537,25,7,166.2514218854484,-40.0,2.0
20190411_DI2A_1to16_n1b.mzXML,4820,420.0,2,PLAEGTPR,1/sp|Q13422|IKZF1_HUMAN,420.732334751,2,0.9218152041881122,11785_PLAEGTPR_2,833,29,8,206.54123913654578,-50.0,2.0
20190411_DI2A_1to16_n1b.mzXML,4820,420.0,2,APIIAVTR,1/sp|P14618|KPYM_HUMAN,420.76872025899996,2,0.854270259824051,11643_APIIAVTR_2,833,25,6,135.18520432847987,-50.0,2.0
20190411_DI2A_1to16_n1b.mzXML,4821,421.0,2,PLAEGTPR,1/sp|Q13422|IKZF1_HUMAN,420.732334751,2,0.8200613681052537,11785_PLAEGTPR_2,930,29,7,222.8523275498929,-50.0,2.0
20190411_DI2A_1to16_n1b.mzXML,5420,420.0,2,PLAEGTPR,1/sp|Q13422|IKZF1_HUMAN,420.732334751,2,0.9016339530229281,11785_PLAEGTPR_2,904,29,7,200.83634457495893,-60.0,2.0
20190411_DI2A_1to16_n1b.mzXML,5420,420.0,2,APIIAVTR,1/sp|P14618|KPYM_HUMAN,420.76872025899996,2,0.8792493511866168,11643_APIIAVTR_2,904,25,9,314.7442166958312,-60.0,2.0
20190411_DI2A_1to16_n1b.mzXML,5421,421.0,2,PLAEGTPR,1/sp|Q13422|IKZF1_HUMAN,420.732334751,2,0.7038526935992773,11785_PLAEGTPR_2,893,29,7,371.7588150020184,-60.0,2.0
20190411_DI2A_1to16_n1b.mzXML,5421,421.0,2,APIIAVTR,1/sp|P14618|KPYM_HUMAN,420.76872025899996,2,0.7866917966531608,11643_APIIAVTR_2,893,25,10,332.58420530971927,-60.0,2.0
20190411_DI2A_1to16_n1b.mzXML,6020,420.0,2,APIIAVTR,1/sp|P14618|KPYM_HUMAN,420.76872025899996,2,0.9784111675601678,11643_APIIAVTR_2,287,25,15,791.7117514168771,-70.0,2.0
20190411_DI2A_1to16_n1b.mzXML,6021,421.0,2,PLAEGTPR,1/sp|Q13422|IKZF1_HUMAN,420.732334751,2,0.9872258883833317,11785_PLAEGTPR_2,235,29,4,171.56247667926942,-70.0,2.0
20190411_DI2A_1to16_n1b.mzXML,6021,421.0,2,APIIAVTR,1/sp|P14618|KPYM_HUMAN,420.76872025899996,2,0.9818650991301562,11643_APIIAVTR_2,235,25,12,675.8031764230484,-70.0,2.0
